{"cameraMode":{"drawMode":0,"name":"Shaded","section":"Shading Mode"},"sceneLighting":false,"audioPlay":false,"sceneViewState":{"m_AlwaysRefresh":false,"showFog":true,"showSkybox":false,"showFlares":true,"showImageEffects":true,"showParticleSystems":true,"showVisualEffectGraphs":true,"m_FxEnabled":true},"in2DMode":false,"pivot":{"x":0.32998543977737429,"y":-0.9129316210746765,"z":0.12643563747406007},"rotation":{"x":0.0661388635635376,"y":-0.7100541591644287,"z":0.06730098277330399,"w":0.6978006362915039},"size":1.7051210403442383,"orthographic":false}